<?xml version="1.0" encoding="UTF-8"?>
<GenRun Id="synth_1" LaunchPart="xc7a100tcsg324-1" LaunchTime="1558368311">
  <File Type="PA-TCL" Name="myip_v2_0.tcl"/>
  <File Type="RDS-PROPCONSTRS" Name="myip_v2_0_drc_synth.rpt"/>
  <File Type="RDS-RDS" Name="myip_v2_0.vds"/>
  <File Type="RDS-UTIL" Name="myip_v2_0_utilization_synth.rpt"/>
  <File Type="RDS-UTIL-PB" Name="myip_v2_0_utilization_synth.pb"/>
  <File Type="RDS-DCP" Name="myip_v2_0.dcp"/>
  <File Type="VDS-TIMINGSUMMARY" Name="myip_v2_0_timing_summary_synth.rpt"/>
  <File Type="VDS-TIMING-PB" Name="myip_v2_0_timing_summary_synth.pb"/>
  <FileSet Name="sources" Type="DesignSrcs" RelSrcDir="$PSRCDIR/sources_1">
    <Filter Type="Srcs"/>
    <File Path="$PSRCDIR/sources_1/imports/hdl/user_logic.vhd">
      <FileInfo>
        <Attr Name="ImportPath" Val="$PPRDIR/../myip_2.0/hdl/user_logic.vhd"/>
        <Attr Name="ImportTime" Val="1556911213"/>
        <Attr Name="UsedIn" Val="synthesis"/>
        <Attr Name="UsedIn" Val="simulation"/>
      </FileInfo>
    </File>
    <File Path="$PSRCDIR/sources_1/imports/hdl/myip_v2_0_S00_AXI.vhd">
      <FileInfo>
        <Attr Name="ImportPath" Val="$PPRDIR/../myip_2.0/hdl/myip_v2_0_S00_AXI.vhd"/>
        <Attr Name="ImportTime" Val="1556911213"/>
        <Attr Name="UsedIn" Val="synthesis"/>
        <Attr Name="UsedIn" Val="simulation"/>
      </FileInfo>
    </File>
    <File Path="$PSRCDIR/sources_1/imports/hdl/myip_v2_0.vhd">
      <FileInfo>
        <Attr Name="ImportPath" Val="$PPRDIR/../myip_2.0/hdl/myip_v2_0.vhd"/>
        <Attr Name="ImportTime" Val="1556911213"/>
        <Attr Name="UsedIn" Val="synthesis"/>
        <Attr Name="UsedIn" Val="simulation"/>
      </FileInfo>
    </File>
    <Config>
      <Option Name="DesignMode" Val="RTL"/>
      <Option Name="TopModule" Val="myip_v2_0"/>
      <Option Name="TopAutoSet" Val="TRUE"/>
    </Config>
  </FileSet>
  <FileSet Name="constrs_in" Type="Constrs" RelSrcDir="$PSRCDIR/constrs_1">
    <Filter Type="Constrs"/>
    <Config>
      <Option Name="ConstrsType" Val="XDC"/>
    </Config>
  </FileSet>
  <Strategy Version="1" Minor="2">
    <StratHandle Name="Vivado Synthesis Defaults" Flow="Vivado Synthesis 2016"/>
    <Step Id="synth_design"/>
  </Strategy>
</GenRun>
